lb,trail,topN,CAGR,maxDD,Sharpe,Calmar
63,0.15,3,0.05503771730048479,-0.4077726678164505,0.33474485354285716,0.13497157029970128
63,0.15,5,0.06972920326768062,-0.35983429526388966,0.4063938722617375,0.19378142713312999
63,0.15,8,0.01004654790120485,-0.37823847944097777,0.1548905183716747,0.026561411509620252
63,0.2,3,0.053768288507994866,-0.4867204888870298,0.32801891358336616,0.11047056726735567
63,0.2,5,0.058116933187683406,-0.3839891868178398,0.3563002540739713,0.15135044210308307
63,0.2,8,0.013328763723210013,-0.3582059806605581,0.17003845652470767,0.0372097743835287
63,0.25,3,0.04914912164970664,-0.5128658145523805,0.3119084564097291,0.09583232154516491
63,0.25,5,0.058971842928812856,-0.40518910732664315,0.35853954488907164,0.1455415307629993
63,0.25,8,0.012753729876977093,-0.36175651618965343,0.1674603949068052,0.035255010777168305
63,,3,0.038777679537908005,-0.5488950950875524,0.27749214580645254,0.07064679550784236
63,,5,0.054538048713941745,-0.4259426368989663,0.34066567712120455,0.12804082988967874
63,,8,0.013100859997758008,-0.36006255154508604,0.16902808246165565,0.03638495572933125
90,0.15,3,0.17105551446805656,-0.38765986617060844,0.737295502447085,0.4412515439314921
90,0.15,5,0.1537345588377601,-0.3400496123934641,0.7282289168705951,0.45209449808128926
90,0.15,8,0.04152390303769948,-0.3897784172509786,0.2957189276022523,0.10653207360879145
90,0.2,3,0.17163396705624123,-0.4098963919738583,0.7284951612117095,0.4187252447618212
90,0.2,5,0.14374612998227065,-0.3521819192698813,0.6807240955345355,0.4081587444360431
90,0.2,8,0.034628738193178465,-0.3912275172269408,0.26536645834418876,0.08851304335295833
90,0.25,3,0.17194549156911765,-0.4455708278415692,0.722101564410255,0.38589934714095775
90,0.25,5,0.1376172422931845,-0.39169174405634677,0.6539654605233104,0.3513406763901248
90,0.25,8,0.03325534068817215,-0.41012926993849375,0.2592659660614904,0.081085021542499
90,,3,0.15488344131437803,-0.5050247295769162,0.661385825331467,0.3066848655988221
90,,5,0.13157449165022128,-0.41266226895371216,0.6286448773064524,0.31884303836118305
90,,8,0.03161953182354815,-0.41731375516139946,0.2521450821543762,0.07576920586123274
120,0.15,3,0.2598162834366984,-0.3206711477833273,0.9594519725774788,0.8102265677243042
120,0.15,5,0.1530978408951642,-0.47005602537576385,0.6755972738910841,0.32570126246712283
120,0.15,8,0.12305618517341688,-0.40122800758317145,0.6202150615215873,0.3066988915221934
120,0.2,3,0.23172742987813244,-0.3519744107287872,0.8681254817660978,0.6583644231361162
120,0.2,5,0.12390283604579988,-0.46684939517970725,0.5701702530063475,0.26540215608098877
120,0.2,8,0.11950070954100278,-0.3986972326105731,0.6013743512665694,0.29972796339352803
120,0.25,3,0.2388910492858356,-0.3713430510250295,0.8848638313022452,0.6433163314256652
120,0.25,5,0.14461063945531416,-0.4691555083623775,0.6368010745559476,0.30823604727585624
120,0.25,8,0.1311645533022041,-0.3973770670759401,0.6445896962507229,0.33007579996340886
120,,3,0.24479597536359332,-0.3888607739413912,0.8987747916886136,0.6295208767971253
120,,5,0.143148828663896,-0.4691555083623775,0.6309485189086909,0.30512021304741305
120,,8,0.13073818832714057,-0.3973770670759401,0.6429071428589951,0.3290028518484084
